#time,flux,flux_err
2459573.842681,-0.012640160809762886,0.00670681667327881
2459576.876313,-0.048330861825593784,0.00680112171173096
2459587.777098,0.07270785170286652,0.0061772255897522
2459591.796595,0.03194421052375582,0.00688393592834473
2459621.968302,-0.0030147285869936554,0.007751744747161869
2459631.822626,0.024688760499989214,0.00682591533660889
2459654.81605,0.06524658957865231,0.00662591361999512
2459871.044109,-0.07028957276553699,0.00705528020858765
2459889.986334,0.007129720468216375,0.00651143026351929
2459891.016586,-0.007676422712487965,0.00686320495605469
2459896.027893,0.052602510965642515,0.00669086980819702
2459897.94673,0.005284912207750674,0.00729891633987427
2459928.062929,0.03865963967354801,0.00730171394348145
2459943.919275,0.0030147285869936554,0.00735359907150269
2459944.875798,-0.08127584088956259,0.00680730724334717
2459945.969595,0.003556679079394075,0.00669036960601807
2459947.798941,-0.019397395470042985,0.00673402261734009
2459953.880511,-0.035260844642554086,0.00673577260971069
2459954.983066,-0.03515175793714929,0.0069395112991332995
2460274.966733,-0.020810113114325082,0.00679794931411743
